{
	"apiLibrary": {
		"adHocGet": {
			"name": "Ad-Hoc GET",
			"method": "GET",
			"url": "",
			"queryParameters": [],
			"bodyParameters": []
		},
		"adHocPost": {
			"name": "Ad-Hoc POST",
			"method": "POST",
			"url": "",
			"queryParameters": [],
			"bodyParameters": []
		},
		"accrualsAccrualBalances": {
			"name": "Accruals - Accrual Balances",
			"method": "POST",
			"url": "/v1/timekeeping/timecard_metrics/multi_read",
			"devLink": {
				"urlText": "Get help on this API ?",
				"url": "https://adp-developer.mykronos.com/wfmgr/reference/retrieve-timecard-data-for-multiple-employees"
			},
			"queryParametersHelp": "No Query Parameters.",
			"queryParameters": [],
			"bodyParametersHelp": "Symbolic or Start & End Date required. PersonNumber required.",
			"bodyParameters": [
				{
					"name": "Symbolic Period",
					"description": " ",
					"type": "select",
					"options": [
						{
							"label": "Today",
							"value": "Today"
						},
						{
							"label": "Yesterday",
							"value": "Yesterday"
						},
						{
							"label": "Tomorrow",
							"value": "Tomorrow"
						},
						{
							"label": "Previous Pay Period",
							"value": "Previous_Payperiod"
						},
						{
							"label": "Current Pay Period",
							"value": "Current_Payperiod"
						},
						{
							"label": "Next Pay Period",
							"value": "Next_Payperiod"
						},
						{
							"label": "Previous Schedule Period",
							"value": "Previous_SchedPeriod"
						},
						{
							"label": "Current Schedule Period",
							"value": "Current_SchedPeriod"
						},
						{
							"label": "Next Schedule Period",
							"value": "Next Schedule Period"
						},
						{
							"label": "Next Schedule Period + 1",
							"value": "Next_SchedPeriod_Plus_One"
						},
						{
							"label": "Next Schedule Period + 2",
							"value": "Next_SchedPeriod_Plus_Two"
						},
						{
							"label": "Week to Date",
							"value": "Week_to_Date"
						},
						{
							"label": "Month to Date",
							"value": "Month_to_Date"
						},
						{
							"label": "Last Week",
							"value": "Last_Week"
						},
						{
							"label": "Yesterday, Today, Tomorrow",
							"value": "Yesterday_Today_Tomorrow"
						},
						{
							"label": "Yesterday Plus 6 Days",
							"value": "Yesterday_Plus_Six_Days"
						},
						{
							"label": "Yesterday Minus 13 Days",
							"value": "Yesterday_Minus_Thirteen_Days"
						},
						{
							"label": "Last 7 Days",
							"value": "Last_Seven_Days"
						},
						{
							"label": "Last 30 Days",
							"value": "Last_Thirty_Days"
						},
						{
							"label": "Current Week",
							"value": "Current_Week"
						},
						{
							"label": "Last 4 Weeks",
							"value": "Last_Four_Weeks"
						},
						{
							"label": "Last 3 Months",
							"value": "Last_Three_Months"
						},
						{
							"label": "Last 90 Days",
							"value": "Last_Ninety_Days"
						},
						{
							"label": "Last 4 Quarters",
							"value": "Last_Four_Quarters"
						},
						{
							"label": "Previous Forecast Week",
							"value": "Previous_Forecast_Week"
						},
						{
							"label": "Current Forecast Week",
							"value": "Current_Forecast_Week"
						},
						{
							"label": "Next Forecast Week",
							"value": "Next_Forecast_Week"
						},
						{
							"label": "Next Forecast Week + 1",
							"value": "Next_Forecast_Week_Plus_One"
						},
						{
							"label": "Next Forecast Week + 2",
							"value": "Next_Forecast_Week_Plus_Two"
						},
						{
							"label": "Same Week Last Year",
							"value": "Same_Week_Last_Year"
						},
						{
							"label": "Previous Work Week",
							"value": "Previous_Work_Week"
						},
						{
							"label": "Current Work Week",
							"value": "Current_Work_Week"
						},
						{
							"label": "Next Work Week",
							"value": "Next_Work_Week"
						}
					],
					"defaultValue": "",
					"path": "where.employeeSet.dateRange.symbolicPeriod.qualifier"
				},
				{
					"name": "Start Date",
					"type": "date",
					"defaultValue": "",
					"path": "where.employeeSet.dateRange.startDate",
					"validation": {
						"maxRange": 365,
						"relatedField": "endDate"
					}
				},
				{
					"name": "End Date",
					"type": "date",
					"defaultValue": "",
					"path": "where.employeeSet.dateRange.endDate",
					"validation": {
						"maxRange": 365,
						"relatedField": "startDate"
					}
				},
				{
					"name": "PersonNumber",
					"description": "PersonNumber",
					"type": "multi-text",
					"defaultValue": [
						""
					],
					"path": "where.employeeSet.employees.qualifiers",
					"validation": {
						"minEntered": 1,
						"maxEntered": 10,
						"pattern": "^[a-zA-Z0-9]+$",
						"errorMessage": "Employee IDs must be alphanumeric and unique."
					}
				}
			],
			"requestProfile": {
				"select": [
					"ACCRUAL_SUMMARY"
				],
				"where": {
					"employeeSet": {
						"dateRange": {
							"startDate": "",
							"endDate": "",
							"symbolicPeriod": {
								"qualifier": ""
							}
						},
						"employees": {
							"qualifiers": [
								""
							]
						}
					}
				},
				"rollupContext": {
					"byDateRange": true,
					"byEmployee": true
				}
			}
		},
		"accrualsAccrualCodes": {
			"name": "Accruals - Accrual Codes",
			"method": "GET",
			"url": "/v2/timekeeping/setup/accrual_codes",
			"devLink": {
				"urlText": "Get help on this API ?",
				"url": "https://adp-developer.mykronos.com/wfmgr/reference/retrieve-accrual-codes"
			},
			"queryParametersHelp": "Query Parameters optional.",
			"queryParameters": [
				{
					"name": "id",
					"type": "integer",
					"defaultValue": ""
				},
				{
					"name": "qualifier",
					"type": "text",
					"defaultValue": ""
				},
				{
					"name": "all_details",
					"type": "select",
					"description": "false",
					"options": [
						"false",
						"true"
					],
					"defaultValue": "false"
				}
			],
			"exportMap": "SetupAccrualCodes"
		},
		"accrualsAccrualProfiles": {
			"name": "Accruals - Accrual Profiles",
			"method": "GET",
			"url": "/v2/timekeeping/setup/accrual_profiles",
			"devLink": {
				"urlText": "Get help on this API ?",
				"url": "https://adp-developer.mykronos.com/wfmgr/reference/retrieve-all-accrual-profiles-deprecated-v2"
			},
			"queryParametersHelp": "Query Parameters optional.",
			"queryParameters": [
				{
					"name": "id",
					"type": "text",
					"defaultValue": ""
				},
				{
					"name": "qualifier",
					"type": "text",
					"defaultValue": ""
				},
				{
					"name": "all_details",
					"type": "select",
					"description": "false",
					"options": [
						"false",
						"true"
					],
					"defaultValue": "false"
				},
				{
					"name": "include_accrual_policies",
					"type": "select",
					"description": "false",
					"options": [
						"false",
						"true"
					],
					"defaultValue": "false"
				}
			],
			"exportMap": "SetupAccrualProfiles"
		},
		"accrualsAccrualTransactions": {
			"name": "Accruals - Accrual Transactions",
			"method": "POST",
			"url": "/v1/timekeeping/timecard_metrics/multi_read",
			"devLink": {
				"urlText": "Get help on this API ?",
				"url": "https://adp-developer.mykronos.com/wfmgr/reference/retrieve-timecard-data-for-multiple-employees"
			},
			"queryParametersHelp": "No Query Parameters.",
			"queryParameters": [],
			"bodyParametersHelp": "Symbolic or Start & End Date required. PersonNumber required.",
			"bodyParameters": [
				{
					"name": "Symbolic Period",
					"description": " ",
					"type": "select",
					"options": [
						{
							"label": "Today",
							"value": "Today"
						},
						{
							"label": "Yesterday",
							"value": "Yesterday"
						},
						{
							"label": "Tomorrow",
							"value": "Tomorrow"
						},
						{
							"label": "Previous Pay Period",
							"value": "Previous_Payperiod"
						},
						{
							"label": "Current Pay Period",
							"value": "Current_Payperiod"
						},
						{
							"label": "Next Pay Period",
							"value": "Next_Payperiod"
						},
						{
							"label": "Previous Schedule Period",
							"value": "Previous_SchedPeriod"
						},
						{
							"label": "Current Schedule Period",
							"value": "Current_SchedPeriod"
						},
						{
							"label": "Next Schedule Period",
							"value": "Next Schedule Period"
						},
						{
							"label": "Next Schedule Period + 1",
							"value": "Next_SchedPeriod_Plus_One"
						},
						{
							"label": "Next Schedule Period + 2",
							"value": "Next_SchedPeriod_Plus_Two"
						},
						{
							"label": "Week to Date",
							"value": "Week_to_Date"
						},
						{
							"label": "Month to Date",
							"value": "Month_to_Date"
						},
						{
							"label": "Last Week",
							"value": "Last_Week"
						},
						{
							"label": "Yesterday, Today, Tomorrow",
							"value": "Yesterday_Today_Tomorrow"
						},
						{
							"label": "Yesterday Plus 6 Days",
							"value": "Yesterday_Plus_Six_Days"
						},
						{
							"label": "Yesterday Minus 13 Days",
							"value": "Yesterday_Minus_Thirteen_Days"
						},
						{
							"label": "Last 7 Days",
							"value": "Last_Seven_Days"
						},
						{
							"label": "Last 30 Days",
							"value": "Last_Thirty_Days"
						},
						{
							"label": "Current Week",
							"value": "Current_Week"
						},
						{
							"label": "Last 4 Weeks",
							"value": "Last_Four_Weeks"
						},
						{
							"label": "Last 3 Months",
							"value": "Last_Three_Months"
						},
						{
							"label": "Last 90 Days",
							"value": "Last_Ninety_Days"
						},
						{
							"label": "Last 4 Quarters",
							"value": "Last_Four_Quarters"
						},
						{
							"label": "Previous Forecast Week",
							"value": "Previous_Forecast_Week"
						},
						{
							"label": "Current Forecast Week",
							"value": "Current_Forecast_Week"
						},
						{
							"label": "Next Forecast Week",
							"value": "Next_Forecast_Week"
						},
						{
							"label": "Next Forecast Week + 1",
							"value": "Next_Forecast_Week_Plus_One"
						},
						{
							"label": "Next Forecast Week + 2",
							"value": "Next_Forecast_Week_Plus_Two"
						},
						{
							"label": "Same Week Last Year",
							"value": "Same_Week_Last_Year"
						},
						{
							"label": "Previous Work Week",
							"value": "Previous_Work_Week"
						},
						{
							"label": "Current Work Week",
							"value": "Current_Work_Week"
						},
						{
							"label": "Next Work Week",
							"value": "Next_Work_Week"
						}
					],
					"defaultValue": "",
					"path": "where.employeeSet.dateRange.symbolicPeriod.qualifier"
				},
				{
					"name": "Start Date",
					"type": "date",
					"defaultValue": "",
					"path": "where.employeeSet.dateRange.startDate",
					"validation": {
						"maxRange": 365,
						"relatedField": "endDate"
					}
				},
				{
					"name": "End Date",
					"type": "date",
					"defaultValue": "",
					"path": "where.employeeSet.dateRange.endDate",
					"validation": {
						"maxRange": 365,
						"relatedField": "startDate"
					}
				},
				{
					"name": "PersonNumber",
					"description": "PersonNumber",
					"type": "multi-text",
					"defaultValue": [
						""
					],
					"path": "where.employeeSet.employees.qualifiers",
					"validation": {
						"minEntered": 1,
						"maxEntered": 10,
						"pattern": "^[a-zA-Z0-9]+$",
						"errorMessage": "Employee IDs must be alphanumeric and unique."
					}
				}
			],
			"requestProfile": {
				"select": [
					"ACCRUAL_TRANSACTIONS"
				],
				"where": {
					"employeeSet": {
						"dateRange": {
							"startDate": "",
							"endDate": ""
						},
						"employees": {
							"qualifiers": [
								""
							]
						}
					}
				}
			}
		},
		"activitiesActivityProfiles": {
			"name": "Activities - Activity Profiles",
			"method": "GET",
			"url": "/v1/work/activity_profiles",
			"devLink": {
				"urlText": "Get help on this API ?",
				"url": "https://adp-developer.mykronos.com/wfmgr/reference/retrieve-all-activity-profiles-or-by-name"
			},
			"queryParametersHelp": "Query Parameters optional.",
			"queryParameters": [
				{
					"name": "name",
					"type": "text",
					"defaultValue": ""
				}
			],
			"exportMap": "SetupActivityProfiles"
		},
		"attendanceAttendanceBalances": {
			"name": "Attendance - Attendance Balances",
			"method": "POST",
			"url": "/v1/attendance/balances/multi_read",
			"devLink": {
				"urlText": "Get help on this API ?",
				"url": "https://adp-developer.mykronos.com/wfmgr/reference/retrieve-balances"
			},
			"queryParametersHelp": "No Query Parameters.",
			"queryParameters": [],
			"bodyParametersHelp": "Symbolic or Start & End Date required. PersonNumber required.",
			"bodyParameters": [
				{
					"name": "Is Manager Role",
					"type": "boolean",
					"options": [
						true,
						false
					],
					"defaultValue": "true",
					"path": "isManagerRole"
				},
				{
					"name": "Symbolic Period",
					"description": " ",
					"type": "select",
					"options": [
						{
							"label": "Today",
							"value": "Today"
						},
						{
							"label": "Yesterday",
							"value": "Yesterday"
						},
						{
							"label": "Tomorrow",
							"value": "Tomorrow"
						},
						{
							"label": "Previous Pay Period",
							"value": "Previous_Payperiod"
						},
						{
							"label": "Current Pay Period",
							"value": "Current_Payperiod"
						},
						{
							"label": "Next Pay Period",
							"value": "Next_Payperiod"
						},
						{
							"label": "Previous Schedule Period",
							"value": "Previous_SchedPeriod"
						},
						{
							"label": "Current Schedule Period",
							"value": "Current_SchedPeriod"
						},
						{
							"label": "Next Schedule Period",
							"value": "Next Schedule Period"
						},
						{
							"label": "Next Schedule Period + 1",
							"value": "Next_SchedPeriod_Plus_One"
						},
						{
							"label": "Next Schedule Period + 2",
							"value": "Next_SchedPeriod_Plus_Two"
						},
						{
							"label": "Week to Date",
							"value": "Week_to_Date"
						},
						{
							"label": "Month to Date",
							"value": "Month_to_Date"
						},
						{
							"label": "Last Week",
							"value": "Last_Week"
						},
						{
							"label": "Yesterday, Today, Tomorrow",
							"value": "Yesterday_Today_Tomorrow"
						},
						{
							"label": "Yesterday Plus 6 Days",
							"value": "Yesterday_Plus_Six_Days"
						},
						{
							"label": "Yesterday Minus 13 Days",
							"value": "Yesterday_Minus_Thirteen_Days"
						},
						{
							"label": "Last 7 Days",
							"value": "Last_Seven_Days"
						},
						{
							"label": "Last 30 Days",
							"value": "Last_Thirty_Days"
						},
						{
							"label": "Current Week",
							"value": "Current_Week"
						},
						{
							"label": "Last 4 Weeks",
							"value": "Last_Four_Weeks"
						},
						{
							"label": "Last 3 Months",
							"value": "Last_Three_Months"
						},
						{
							"label": "Last 90 Days",
							"value": "Last_Ninety_Days"
						},
						{
							"label": "Last 4 Quarters",
							"value": "Last_Four_Quarters"
						},
						{
							"label": "Previous Forecast Week",
							"value": "Previous_Forecast_Week"
						},
						{
							"label": "Current Forecast Week",
							"value": "Current_Forecast_Week"
						},
						{
							"label": "Next Forecast Week",
							"value": "Next_Forecast_Week"
						},
						{
							"label": "Next Forecast Week + 1",
							"value": "Next_Forecast_Week_Plus_One"
						},
						{
							"label": "Next Forecast Week + 2",
							"value": "Next_Forecast_Week_Plus_Two"
						},
						{
							"label": "Same Week Last Year",
							"value": "Same_Week_Last_Year"
						},
						{
							"label": "Previous Work Week",
							"value": "Previous_Work_Week"
						},
						{
							"label": "Current Work Week",
							"value": "Current_Work_Week"
						},
						{
							"label": "Next Work Week",
							"value": "Next_Work_Week"
						}
					],
					"defaultValue": "",
					"path": "dateRange.symbolicPeriod.qualifier"
				},
				{
					"name": "Start Date",
					"type": "date",
					"defaultValue": "",
					"path": "dateRange.startDate"
				},
				{
					"name": "End Date",
					"type": "date",
					"defaultValue": "",
					"path": "dateRange.endDate"
				},
				{
					"name": "PersonNumber",
					"description": "personnumber",
					"type": "multi-text",
					"defaultValue": [
						""
					],
					"path": "employees.qualifiers",
					"validation": {
						"minEntered": 1,
						"maxEntered": 10,
						"pattern": "^[a-zA-Z0-9]+$",
						"errorMessage": "Invalid Value."
					}
				}
			],
			"requestProfile": {
				"dateRange": {
					"endDate": "",
					"startDate": "",
					"symbolicPeriod": {
						"qualifier": ""
					}
				},
				"employees": {
					"qualifiers": [
						""
					]
				},
				"isManagerRole": true
			}
		},
		"attendanceAttendanceProfiles": {
			"name": "Attendance - Attendance Profiles",
			"method": "GET",
			"url": "/v1/attendance/attendance_profiles",
			"devLink": {
				"urlText": "Get help on this API ?",
				"url": "https://adp-developer.mykronos.com/wfmgr/reference/attendance-profiles"
			},
			"queryParametersHelp": "Query Parameters optional.",
			"queryParameters": [
				{
					"name": "all_details",
					"type": "select",
					"description": "false",
					"options": [
						"false",
						"true"
					],
					"defaultValue": "false"
				}
			]
		},
		"businessStructureCostCenters": {
			"name": "Business Structure - Cost Centers",
			"method": "GET",
			"url": "/v2/commons/cost_centers",
			"devLink": {
				"urlText": "Get help on this API ?",
				"url": "https://adp-developer.mykronos.com/wfmgr/reference/retrieve-all-cost-centers"
			},
			"queryParametersHelp": "No Query Parameters.",
			"queryParameters": [],
			"exportMap": "SetupBSCostCenters"
		},
		"businessStructureLaborCategories": {
			"name": "Business Structure - Labor Categories",
			"method": "GET",
			"url": "/v2/commons/labor_categories",
			"devLink": {
				"urlText": "Get help on this API ?",
				"url": "https://adp-developer.mykronos.com/wfmgr/reference/retrieve-all-labor-categories-or-by-criteria"
			},
			"queryParametersHelp": "Query Parameters optional.",
			"queryParameters": [
				{
					"name": "name",
					"type": "text",
					"defaultValue": ""
				}
			],
			"exportMap": "SetupBSLaborCategories"
		},
		"businessStructureLaborCategoryEntries": {
			"name": "Business Structure - Labor Category Entries",
			"method": "POST",
			"url": "/v1/commons/labor_entries/apply_read",
			"devLink": {
				"urlText": "Get help on this API ?",
				"url": "https://adp-developer.mykronos.com/wfmgr/reference/retrieve-paginated-list-of-labor-category-entries"
			},
			"queryParametersHelp": "No Query Parameters.",
			"queryParameters": [],
			"bodyParametersHelp": "Paginated API. See help above for API usage.",
			"bodyParameters": [
				{
					"name": "Labor Category ID",
					"description": "",
					"type": "integer",
					"defaultValue": "",
					"path": "where.laborCategory.id"
				},
				{
					"name": "Labor Category Name",
					"description": "",
					"type": "text",
					"defaultValue": "",
					"path": "where.laborCategory.qualifier"
				},
				{
					"name": "Labor Category Entry Name Filter",
					"description": "",
					"type": "text",
					"defaultValue": "",
					"path": "where.filterCriteria.name"
				},
				{
					"name": "Labor Category Entry Desc Filter",
					"description": "",
					"type": "text",
					"defaultValue": "",
					"path": "where.filterCriteria.description"
				},
				{
					"name": "Support Partial Filter Match",
					"type": "boolean",
					"options": [
						true,
						false
					],
					"defaultValue": "true",
					"path": "where.filterCriteria.supportPartialStringMatch"
				},
				{
					"name": "Inactive",
					"type": "boolean",
					"options": [
						false,
						true
					],
					"defaultValue": "false",
					"path": "where.filterCriteria.inactive"
				},
				{
					"name": "IVR Number",
					"description": "",
					"type": "text",
					"defaultValue": "",
					"path": "where.filterCriteria.ivrNum"
				},
				{
					"name": "Count",
					"description": "",
					"type": "integer",
					"defaultValue": "100",
					"path": "count"
				},
				{
					"name": "Index",
					"description": "",
					"type": "integer",
					"defaultValue": "0",
					"path": "index"
				}
			],
			"requestProfile": {
				"where": {
					"laborCategory": {
						"id": "",
						"qualifier": ""
					},
					"filterCriteria": {
						"name": "",
						"description": "",
						"supportPartialStringMatch": true,
						"inactive": false,
						"ivrNum": ""
					}
				},
				"count": 100,
				"index": 0
			},
			"exportMap": "SetupBSLabCatEntries"
		},
		"businessStructureLocations": {
			"name": "Business Structure - Locations",
			"method": "POST",
			"url": "/v1/commons/locations/multi_read",
			"devLink": {
				"urlText": "Get help on this API ?",
				"url": "https://adp-developer.mykronos.com/wfmgr/reference/attendance-profiles"
			},
			"queryParametersHelp": "No Query Parameters.",
			"queryParameters": [],
			"bodyParameters": [
				{
					"name": "Include OrgPath Details",
					"type": "boolean",
					"options": [
						true,
						false
					],
					"defaultValue": "true",
					"path": "multiReadOptions.includeOrgPathDetails"
				},
				{
					"name": "Context",
					"type": "select",
					"options": [
						"FORECAST",
						"ORG"
					],
					"defaultValue": "FORECAST",
					"path": "where.descendantsOf.context"
				},
				{
					"name": "As of Date",
					"type": "date",
					"defaultValue": "0",
					"path": "where.descendantsOf.date",
					"validation": {
						"maxRange": 365,
						"relatedField": "startDate"
					}
				}
			],
			"requestProfile": {
				"multiReadOptions": {
					"includeOrgPathDetails": true
				},
				"where": {
					"descendantsOf": {
						"context": "",
						"date": "",
						"locationRef": {
							"id": -1
						}
					}
				}
			}
		},
		"employmentTermsRetrieveEmploymentTerms": {
			"name": "Employment Terms - Retrieve Employment Terms",
			"method": "GET",
			"url": "/v2/timekeeping/setup/employment_terms",
			"devLink": {
				"urlText": "Get help on this API ?",
				"url": "https://adp-developer.mykronos.com/wfmgr/reference/retrieve-all-employment-terms"
			},
			"queryParametersHelp": "Query Parameters optional.",
			"queryParameters": [
				{
					"name": "id",
					"type": "integer",
					"defaultValue": ""
				},
				{
					"name": "qualifier",
					"type": "text",
					"defaultValue": ""
				},
				{
					"name": "all_details",
					"type": "select",
					"description": "",
					"options": [
						"false",
						"true"
					],
					"defaultValue": "false"
				},
				{
					"name": "version_dates",
					"type": "select",
					"description": "",
					"options": [
						"false",
						"true"
					],
					"defaultValue": "false"
				}
			]
		},
		"hyperfindsRetrievePublicHFQs": {
			"name": "Hyperfinds - Retrieve Public HFQ's",
			"method": "GET",
			"url": "/v1/commons/hyperfind/public",
			"devLink": {
				"urlText": "Get help on this API ?",
				"url": "https://adp-developer.mykronos.com/wfmgr/reference/retrieve-public-hyperfind-queries"
			},
			"queryParametersHelp": "Query Parameters are optional.",
			"queryParameters": [
				{
					"name": "all_details",
					"type": "select",
					"description": "false",
					"options": [
						"false",
						"true"
					],
					"defaultValue": "false"
				}
			],
			"exportMap": "retrievePublicHFQs"
		},
		"hyperfindsExecuteHFQ": {
			"name": "Hyperfinds - Execute HFQ",
			"method": "POST",
			"url": "/v1/commons/hyperfind/execute",
			"devLink": {
				"urlText": "Get help on this API ?",
				"url": "https://adp-developer.mykronos.com/wfmgr/reference/execute-hyperfind-query"
			},
			"queryParametersHelp": "No Query Parameters.",
			"queryParameters": [],
			"bodyParametersHelp": "Paginated API. See help above for API usage. Symbolic or Start & End Date required. HFQ Name or ID required.",
			"bodyParameters": [
				{
					"name": "Enable Pagination",
					"type": "boolean",
					"options": [
						false,
						true
					],
					"defaultValue": "false",
					"path": "enablePagination"
				},
				{
					"name": "Employee Threshold (max 50000)",
					"description": "",
					"type": "integer",
					"defaultValue": "3500",
					"path": "threshold"
				},
				{
					"name": "Hyperfind Query ID",
					"description": "",
					"type": "integer",
					"defaultValue": "",
					"path": "hyperfind.id"
				},
				{
					"name": "Hyperfind Query Name",
					"description": "",
					"type": "text",
					"defaultValue": "",
					"path": "hyperfind.qualifier"
				},
				{
					"name": "Symbolic Period",
					"description": " ",
					"type": "select",
					"options": [
						{
							"label": "Today",
							"value": "Today"
						},
						{
							"label": "Yesterday",
							"value": "Yesterday"
						},
						{
							"label": "Tomorrow",
							"value": "Tomorrow"
						},
						{
							"label": "Previous Pay Period",
							"value": "Previous_Payperiod"
						},
						{
							"label": "Current Pay Period",
							"value": "Current_Payperiod"
						},
						{
							"label": "Next Pay Period",
							"value": "Next_Payperiod"
						},
						{
							"label": "Previous Schedule Period",
							"value": "Previous_SchedPeriod"
						},
						{
							"label": "Current Schedule Period",
							"value": "Current_SchedPeriod"
						},
						{
							"label": "Next Schedule Period",
							"value": "Next Schedule Period"
						},
						{
							"label": "Next Schedule Period + 1",
							"value": "Next_SchedPeriod_Plus_One"
						},
						{
							"label": "Next Schedule Period + 2",
							"value": "Next_SchedPeriod_Plus_Two"
						},
						{
							"label": "Week to Date",
							"value": "Week_to_Date"
						},
						{
							"label": "Month to Date",
							"value": "Month_to_Date"
						},
						{
							"label": "Last Week",
							"value": "Last_Week"
						},
						{
							"label": "Yesterday, Today, Tomorrow",
							"value": "Yesterday_Today_Tomorrow"
						},
						{
							"label": "Yesterday Plus 6 Days",
							"value": "Yesterday_Plus_Six_Days"
						},
						{
							"label": "Yesterday Minus 13 Days",
							"value": "Yesterday_Minus_Thirteen_Days"
						},
						{
							"label": "Last 7 Days",
							"value": "Last_Seven_Days"
						},
						{
							"label": "Last 30 Days",
							"value": "Last_Thirty_Days"
						},
						{
							"label": "Current Week",
							"value": "Current_Week"
						},
						{
							"label": "Last 4 Weeks",
							"value": "Last_Four_Weeks"
						},
						{
							"label": "Last 3 Months",
							"value": "Last_Three_Months"
						},
						{
							"label": "Last 90 Days",
							"value": "Last_Ninety_Days"
						},
						{
							"label": "Last 4 Quarters",
							"value": "Last_Four_Quarters"
						},
						{
							"label": "Previous Forecast Week",
							"value": "Previous_Forecast_Week"
						},
						{
							"label": "Current Forecast Week",
							"value": "Current_Forecast_Week"
						},
						{
							"label": "Next Forecast Week",
							"value": "Next_Forecast_Week"
						},
						{
							"label": "Next Forecast Week + 1",
							"value": "Next_Forecast_Week_Plus_One"
						},
						{
							"label": "Next Forecast Week + 2",
							"value": "Next_Forecast_Week_Plus_Two"
						},
						{
							"label": "Same Week Last Year",
							"value": "Same_Week_Last_Year"
						},
						{
							"label": "Previous Work Week",
							"value": "Previous_Work_Week"
						},
						{
							"label": "Current Work Week",
							"value": "Current_Work_Week"
						},
						{
							"label": "Next Work Week",
							"value": "Next_Work_Week"
						}
					],
					"defaultValue": "",
					"path": "dateRange.symbolicPeriod.qualifier"
				},
				{
					"name": "Start Date",
					"type": "date",
					"defaultValue": "",
					"path": "dateRange.startDate",
					"validation": {
						"maxRange": 365,
						"relatedField": "endDate"
					}
				},
				{
					"name": "End Date",
					"type": "date",
					"defaultValue": "",
					"path": "dateRange.endDate",
					"validation": {
						"maxRange": 365,
						"relatedField": "startDate"
					}
				},
				{
					"name": "Page Token",
					"description": "",
					"type": "text",
					"defaultValue": "",
					"path": "pageToken"
				}
			],
			"requestProfile": {
				"persons": [
					{
						"id": "",
						"qualifier": ""
					}
				],
				"dateRange": {
					"symbolicPeriod": {
						"qualifier": ""
					},
					"startDate": "",
					"endDate": ""
				},
				"locations": [
					{
						"qualifier": ""
					}
				],
				"hyperfind": {
					"id": "",
					"qualifier": ""
				},
				"searchAlsoByFirstName": "",
				"enablePagination": "",
				"isEmployee": "",
				"threshold": "",
				"validateAccessForPrivateHF": "",
				"includeTerminatedInRangeForLocations": "",
				"pageToken": ""
			}
		},
		"integrationsInstalled": {
			"name": "Integrations - Installed Integrations",
			"method": "GET",
			"url": "/v1/platform/integrations",
			"devLink": {
				"urlText": "Get help on this API ?",
				"url": "https://adp-developer.mykronos.com/wfmgr/reference/retrieve-integrations"
			},
			"queryParametersHelp": "No Query Parameters. Returns all installed integrations."
		},
		"integrationsRunResults": {
			"name": "Integrations - Run Results",
			"method": "GET",
			"url": "/v1/platform/integration_executions",
			"devLink": {
				"urlText": "Get help on this API ?",
				"url": "https://adp-developer.mykronos.com/wfmgr/reference/retrieve-all-integration-executions"
			},
			"queryParametersHelp": "Dates required. Integration Id optional.",
			"queryParameters": [
				{
					"name": "Integration ID",
					"type": "text",
					"defaultValue": ""
				},
				{
					"name": "From Date",
					"type": "date",
					"defaultValue": "-30"
				},
				{
					"name": "To Date",
					"type": "date",
					"defaultValue": "0"
				}
			]
		},
		"integrationsScheduled": {
			"name": "Integrations - Scheduled Integrations",
			"method": "GET",
			"url": "/v1/platform/integration_schedules",
			"devLink": {
				"urlText": "Get help on this API ?",
				"url": "https://adp-developer.mykronos.com/wfmgr/reference/retrieve-all-scheduled-integration-instances"
			},
			"queryParametersHelp": "Dates required. Integration Id optional.",
			"queryParameters": [
				{
					"name": "From Date",
					"type": "date",
					"defaultValue": "1753-01-01"
				},
				{
					"name": "To Date",
					"type": "date",
					"defaultValue": "3000-01-01"
				},
				{
					"name": "integrationId",
					"type": "text",
					"defaultValue": ""
				}
			],
			"exportMap": "IntegrationsScheduled"
		},
		"intetgrationsUpdateStatus": {
			"name": "Integrations - Update Run Status",
			"method": "POST",
			"url": "/v1/platform/integrations/update_status",
			"devLink": {
				"urlText": "Get help on this API ?",
				"url": "https://adp-developer.mykronos.com/wfmgr/reference/update-integration-execution-details"
			},
			"queryParametersHelp": "No Query Parameters.",
			"queryParameters": [],
			"bodyParametersHelp": "Id & Execution ID required. Status & Call Back Message should only be changed if needed.",
			"bodyParameters": [
				{
					"name": "WFM Integration Execution ID",
					"description": "id from Run Results",
					"type": "text",
					"defaultValue": "",
					"path": "batchIntegration.id"
				},
				{
					"name": "Boomi Execution ID",
					"description": "executionId from Run Results",
					"type": "text",
					"defaultValue": "",
					"path": "batchIntegration.executionid"
				},
				{
					"name": "Status",
					"description": "Change to Status name",
					"type": "text",
					"defaultValue": "Failed",
					"path": "batchIntegration.status"
				},
				{
					"name": "Call Back Message",
					"description": "Call Back Message",
					"type": "text",
					"defaultValue": "Cancelled by User",
					"path": "batchIntegration.callbackmessages"
				}
			],
			"requestProfile": {
				"batchIntegration": {
					"status": "string",
					"executionid": "string",
					"id": 0,
					"callbackmessages": "string"
				}
			}
		},
		"leavesLeaveProfiles": {
			"name": "Leaves - Leave Profiles",
			"method": "GET",
			"url": "/v1/leave/leave_profiles",
			"devLink": {
				"urlText": "Get help on this API ?",
				"url": "https://adp-developer.mykronos.com/wfmgr/reference/retrieve-all-leave-profiles"
			},
			"queryParametersHelp": "Query Parameters optional.",
			"queryParameters": [
				{
					"name": "name",
					"type": "text",
					"description": "Enter value",
					"defaultValue": ""
				}
			]
		},
		"licensingEntitlementHistory": {
			"name": "Licensing - Entitlement History",
			"method": "GET",
			"url": "/v1/licensing/entitlement_history",
			"devLink": {
				"urlText": "Get help on this API ?",
				"url": "https://adp-developer.mykronos.com/wfmgr/reference/entitlement-history"
			},
			"queryParametersHelp": "No Query Parameters.",
			"queryParameters": [],
			"exportMap": "EntitlementHistory"
		},
		"licensingEntitlementSummary": {
			"name": "Licensing - Entitlement Summary",
			"method": "GET",
			"url": "/v1/licensing/entitlement_summary",
			"devLink": {
				"urlText": "Get help on this API ?",
				"url": "https://adp-developer.mykronos.com/wfmgr/reference/entitlement-summary"
			},
			"queryParametersHelp": "No Query Parameters.",
			"queryParameters": [],
			"exportMap": "EntitlementSummary"
		},
		"reportingGetReportDataObjects": {
			"name": "Reporting - Get Report Data Objects",
			"method": "GET",
			"url": "/v1/platform/report_dataobjects",
			"devLink": {
				"urlText": "Get help on this API ?",
				"url": "https://adp-developer.mykronos.com/wfmgr/reference/retrieve-all-report-data-objects-or-by-name"
			},
			"queryParametersHelp": "Query Parameters optional.",
			"queryParameters": [
				{
					"name": "name",
					"type": "text",
					"options": [],
					"defaultValue": ""
				}
			]
		},
		"payPoliciesAdjustmentRules": {
			"name": "Pay Policies - Adjustment Rules",
			"method": "GET",
			"url": "/v2/timekeeping/setup/adjustment_rules",
			"devLink": {
				"urlText": "Get help on this API ?",
				"url": "https://adp-developer.mykronos.com/wfmgr/reference/retrieve-all-adjustment-rules"
			},
			"queryParametersHelp": "Query Parameters optional.",
			"queryParameters": [
				{
					"name": "id",
					"type": "text",
					"defaultValue": ""
				},
				{
					"name": "qualifier",
					"type": "text",
					"defaultValue": ""
				},
				{
					"name": "start_date",
					"type": "date",
					"defaultValue": "1753-01-01"
				},
				{
					"name": "end_date",
					"type": "date",
					"defaultValue": "3000-01-01"
				},
				{
					"name": "all_details",
					"type": "select",
					"description": "false",
					"options": [
						"false",
						"true"
					],
					"defaultValue": "false"
				},
				{
					"name": "count",
					"type": "text",
					"defaultValue": ""
				},
				{
					"name": "index",
					"type": "text",
					"defaultValue": ""
				}
			]
		},
		"payPoliciesBonusAndDeductions": {
			"name": "Pay Policies - Bonuses/Deductions",
			"method": "GET",
			"url": "/v2/timekeeping/setup/deduct_rules",
			"devLink": {
				"urlText": "Get help on this API ?",
				"url": "https://adp-developer.mykronos.com/wfmgr/reference/retrieve-bonus-and-deduction-rules"
			},
			"queryParametersHelp": "Query Parameters optional.",
			"queryParameters": [
				{
					"name": "id",
					"type": "text",
					"options": [],
					"defaultValue": ""
				},
				{
					"name": "qualifier",
					"type": "text",
					"options": [],
					"defaultValue": ""
				}
			],
			"exportMap": "BonusDeductions"
		},
		"payPoliciesBreakRules": {
			"name": "Pay Policies - Break Rules",
			"method": "GET",
			"url": "/v2/timekeeping/setup/break_rules",
			"devLink": {
				"urlText": "Get help on this API ?",
				"url": "https://adp-developer.mykronos.com/wfmgr/reference/retrieve-all-break-rules"
			},
			"queryParametersHelp": "Query Parameters optional.",
			"queryParameters": [
				{
					"name": "id",
					"type": "text",
					"options": [],
					"defaultValue": ""
				},
				{
					"name": "qualifier",
					"type": "text",
					"options": [],
					"defaultValue": ""
				}
			],
			"exportMap": "BreakRules"
		},
		"payPoliciesCombinationRules": {
			"name": "Pay Policies - Combination Rules",
			"method": "GET",
			"url": "/v1/timekeeping/setup/combination_rules",
			"devLink": {
				"urlText": "Get help on this API ?",
				"url": "https://adp-developer.mykronos.com/wfmgr/reference/combination-rules"
			},
			"queryParametersHelp": "Query Parameters optional.",
			"queryParameters": [],
			"exportMap": "CombinedPayCodes"
		},
		"payPoliciesCombinedPayCodes": {
			"name": "Pay Policies - Combined Pay Codes",
			"method": "POST",
			"url": "/v1/timekeeping/setup/paycodes/combined/apply_read",
			"devLink": {
				"urlText": "Get help on this API ?",
				"url": "https://adp-developer.mykronos.com/wfmgr/reference/retrieve-combined-paycodes"
			},
			"queryParametersHelp": "Query Parameters optional.",
			"queryParameters": [
				{
					"name": "all_details",
					"type": "select",
					"description": "false",
					"options": [
						"false",
						"true"
					],
					"defaultValue": "false"
				}
			],
			"bodyParametersHelp": "Combined Pay Code Name optional. Multi-call request*.",
			"bodyParameters": [
				{
					"name": "Combined Pay Code Name",
					"description": "Combined Pay Code",
					"type": "multi-text",
					"defaultValue": [
						"all"
					],
					"path": "where.combinedPayCodes.qualifiers",
					"validation": {
						"minEntered": 1,
						"maxEntered": 1000,
						"pattern": "^[a-zA-Z0-9]+$",
						"errorMessage": "NA."
					}
				}
			],
			"preRequest": {
				"apiKey": "setupTimekeepingPayCodes",
				"responseFilter": {
					"field": "combined",
					"match": true,
					"mapTo": "name",
					"data-path": "where.combinedPayCodes.qualifiers"
				}
			},
			"requestProfile": {
				"where": {
					"combinedPayCodes": {
						"qualifiers": [
							"all"
						]
					}
				}
			},
			"exportMap": "SetupTKCombinedPaycodes"
		},
		"payPoliciesFixedRules": {
			"name": "Pay Policies - Fixed Rules",
			"method": "GET",
			"url": "/v1/timekeeping/setup/fixed_rules",
			"devLink": {
				"urlText": "Get help on this API ?",
				"url": "https://adp-developer.mykronos.com/wfmgr/reference/retrieve-all-fixed-rules"
			},
			"queryParametersHelp": "No Query Parameters.",
			"queryParameters": [],
			"exportMap": "FixedRules"
		},
		"payPoliciesHolidays": {
			"name": "Pay Policies - Holidays",
			"method": "GET",
			"url": "/v1/commons/setup/holidays",
			"devLink": {
				"urlText": "Get help on this API ?",
				"url": "https://adp-developer.mykronos.com/wfmgr/reference/retrieve-all-holidays"
			},
			"queryParametersHelp": "All Query Parameters required.",
			"queryParameters": [
				{
					"name": "year",
					"type": "text",
					"description": "0000",
					"options": [
						"false",
						"true"
					],
					"defaultValue": "2025"
				},
				{
					"name": "enabled",
					"type": "select",
					"description": "false",
					"options": [
						"false",
						"true"
					],
					"defaultValue": "false"
				}
			],
			"exportMap": "PayPoliciesHolidays"
		},
		"payPoliciesOvertimeRules": {
			"name": "Pay Policies - Overtime Rules",
			"method": "GET",
			"url": "/v1/timekeeping/setup/overtime_rules",
			"devLink": {
				"urlText": "Get help on this API ?",
				"url": "https://adp-developer.mykronos.com/wfmgr/reference/retrieve-all-overtime-rules"
			},
			"queryParametersHelp": "No Query Parameters.",
			"queryParameters": [],
			"exportMap": "OvertimeRules"
		},
		"payPoliciesPayCodeDistributions": {
			"name": "Pay Policies - Pay Code Distributions",
			"method": "GET",
			"url": "/v1/timekeeping/setup/pay_code_distributions",
			"devLink": {
				"urlText": "Get help on this API ?",
				"url": "https://adp-developer.mykronos.com/wfmgr/reference/retrieve-all-paycode-distributions-or-by-name"
			},
			"queryParametersHelp": "Query Parameters optional.",
			"queryParameters": [
				{
					"name": "name",
					"type": "text",
					"defaultValue": ""
				}
			]
		},
		"payPoliciesPayCodes": {
			"name": "Pay Policies - Pay Code Definitions",
			"method": "GET",
			"url": "/v2/timekeeping/setup/pay_codes",
			"devLink": {
				"urlText": "Get help on this API ?",
				"url": "https://adp-developer.mykronos.com/wfmgr/reference/retrieve-paycodes-as-manager"
			},
			"queryParametersHelp": "Query Parameters optional.",
			"queryParameters": [
				{
					"name": "id",
					"type": "text",
					"defaultValue": ""
				},
				{
					"name": "qualifier",
					"type": "text",
					"defaultValue": ""
				}
			],
			"exportMap": "PayCodes"
		},
		"payPoliciesPayCodeTags": {
			"name": "Pay Policies - Pay Code Tags",
			"method": "GET",
			"url": "/v1/timekeeping/setup/pay_code_tags",
			"devLink": {
				"urlText": "Get help on this API ?",
				"url": "https://adp-developer.mykronos.com/wfmgr/reference/retrieve-all-pay-code-tags"
			},
			"queryParametersHelp": "Query Parameters optional.",
			"queryParameters": [
				{
					"name": "name",
					"type": "text",
					"defaultValue": ""
				}
			]
		},
		"payPoliciesPayPeriodTimeSpans": {
			"name": "Pay Policies - Pay Period Time Spans",
			"method": "GET",
			"url": "/v1/commons/pay_period",
			"devLink": {
				"urlText": "Get help on this API ?",
				"url": "https://adp-developer.mykronos.com/wfmgr/reference/retrieve-pay-period-timespans"
			},
			"queryParametersHelp": "All parameters optional. See help above for parameter usage.",
			"queryParameters": [
				{
					"name": "pay_period_id",
					"type": "text",
					"defaultValue": ""
				},
				{
					"name": "pay_rule_id",
					"type": "text",
					"defaultValue": ""
				},
				{
					"name": "user",
					"type": "text",
					"defaultValue": ""
				},
				{
					"name": "date",
					"type": "date",
					"description": "",
					"defaultValue": ""
				},
				{
					"name": "period_type",
					"type": "select",
					"options": [
						"Previous",
						"Current",
						"Next"
					],
					"defaultValue": "",
					"description": "Symbolic Period"
				}
			]
		},
		"payPoliciesPayRules": {
			"name": "Pay Policies - Pay Rules",
			"method": "GET",
			"url": "/v2/timekeeping/setup/payrules",
			"devLink": {
				"urlText": "Get help on this API ?",
				"url": "https://adp-developer.mykronos.com/wfmgr/reference/retrieve-all-timekeeping-pay-rules"
			},
			"queryParametersHelp": "Query Parameters optional.",
			"queryParameters": [
				{
					"name": "id",
					"type": "text",
					"defaultValue": ""
				},
				{
					"name": "name",
					"type": "text",
					"defaultValue": ""
				},
				{
					"name": "all_details",
					"type": "select",
					"description": "",
					"options": [
						"false",
						"true"
					],
					"defaultValue": "false"
				}
			]
		},
		"payPoliciesPunchInterpretationRules": {
			"name": "Pay Policies - Punch Interpretation Rules",
			"method": "GET",
			"url": "/v1/timekeeping/setup/punch_interpretation_rules",
			"devLink": {
				"urlText": "Get help on this API ?",
				"url": "https://adp-developer.mykronos.com/wfmgr/reference/retrieve-all-punch-interpretation-rules"
			},
			"queryParametersHelp": "When this operation is executed with no parameters, the system returns a list of all available punch interpretation rules without details.",
			"queryParameters": [
				{
					"name": "id",
					"type": "text",
					"defaultValue": ""
				},
				{
					"name": "qualifier",
					"type": "text",
					"defaultValue": ""
				},
				{
					"name": "all_details",
					"type": "select",
					"description": "",
					"options": [
						"false",
						"true"
					],
					"defaultValue": "false"
				},
				{
					"name": "index",
					"type": "integer",
					"defaultValue": ""
				},
				{
					"name": "count",
					"type": "integer",
					"defaultValue": ""
				}
			]
		},
		"payPoliciesWorkRules": {
			"name": "Pay Policies - Work Rules",
			"method": "GET",
			"url": "/v1/timekeeping/setup/full_work_rules",
			"devLink": {
				"urlText": "Get help on this API ?",
				"url": "https://adp-developer.mykronos.com/wfmgr/reference/retrieve-all-work-rules"
			},
			"queryParametersHelp": "Query Parameters optional.",
			"queryParameters": [
				{
					"name": "snapshotdate",
					"type": "date",
					"defaultValue": "0"
				}
			]
		},
		"peopleBasePersons": {
			"name": "People - Base Persons",
			"method": "POST",
			"url": "/v1/commons/persons/base_persons/multi_read",
			"devLink": {
				"urlText": "Get help on this API ?",
				"url": "https://adp-developer.mykronos.com/wfmgr/reference/retrieve-base-person"
			},
			"queryParametersHelp": "No Query Parameters.",
			"queryParameters": [],
			"bodyParametersHelp": "Select Key and enter Value(s) for the Key.",
			"bodyParameters": [
				{
					"name": "Key",
					"description": "SELECT LOOKUP KEY",
					"type": "select",
					"options": [
						"personnumber",
						"personid",
						"badgenumber",
						"username",
						"useraccountid",
						"useremailaddress",
						"jobassignmentid"
					],
					"defaultValue": "personnumber",
					"path": "where.employees.key"
				},
				{
					"name": "values",
					"description": "Key Value",
					"type": "multi-text",
					"defaultValue": [
						""
					],
					"path": "where.employees.values",
					"validation": {
						"minEntered": 1,
						"maxEntered": 10
					}
				}
			],
			"requestProfile": {
				"where": {
					"employees": {
						"values": [
							""
						],
						"key": "personnumber"
					}
				}
			},
			"exportMap": "BasePersons"
		},
		"peoplePersonsExtensions": {
			"name": "People - Persons Extensions",
			"method": "POST",
			"url": "/v1/commons/persons/extensions/multi_read",
			"devLink": {
				"urlText": "Get help on this API ?",
				"url": "https://adp-developer.mykronos.com/wfmgr/reference/retrieve-persons"
			},
			"queryParametersHelp": "No Query Parameters.",
			"queryParameters": [],
			"bodyParametersHelp": "All Extensions returned unless you select one. Personnumber(s) & Snapshot Date required.",
			"bodyParameters": [
				{
					"name": "Fail On No Assignment",
					"type": "boolean",
					"options": [
						false,
						true
					],
					"defaultValue": "false",
					"path": "failOnNoAssignment"
				},
				{
					"name": "Return Unassigned Employees",
					"type": "boolean",
					"options": [
						true,
						false
					],
					"defaultValue": "true",
					"path": "returnUnassignedEmployees"
				},
				{
					"name": "Include Accrual Policy Details",
					"type": "boolean",
					"options": [
						false,
						true
					],
					"defaultValue": "false",
					"path": "where.includeAccrualPolicyDetails"
				},
				{
					"name": "Include Base Wages",
					"type": "boolean",
					"options": [
						true,
						false
					],
					"defaultValue": "true",
					"path": "where.includeBaseWages"
				},
				{
					"name": "Is Employee Allowed",
					"type": "boolean",
					"options": [
						true,
						false
					],
					"defaultValue": "true",
					"path": "where.isEmployeeAllowed"
				},
				{
					"name": "Only Active Person",
					"type": "boolean",
					"options": [
						false,
						true
					],
					"defaultValue": "false",
					"path": "where.onlyActivePerson"
				},
				{
					"name": "Extension Type",
					"description": "ALL",
					"type": "select",
					"options": [
						"accrual",
						"device",
						"employee",
						"scheduling",
						"timekeeping"
					],
					"defaultValue": "",
					"path": "where.extensionType"
				},
				{
					"name": "Snapshot Date",
					"type": "date",
					"defaultValue": "0",
					"path": "where.snapshotDate"
				},
				{
					"name": "Personnumber(s)",
					"description": "personnumber",
					"type": "multi-text",
					"defaultValue": [
						""
					],
					"path": "where.employees.values",
					"validation": {
						"minEntered": 1,
						"maxEntered": 10,
						"pattern": "^[a-zA-Z0-9]+$",
						"errorMessage": "Employee IDs must be alphanumeric and unique."
					}
				}
			],
			"requestProfile": {
				"failOnNoAssignment": true,
				"returnUnassignedEmployees": true,
				"where": {
					"employees": {
						"key": "",
						"values": [
							""
						]
					},
					"extensionType": "",
					"includeAccrualPolicyDetails": true,
					"includeBaseWages": "string",
					"isEmployeeAllowed": true,
					"onlyActivePerson": true,
					"snapshotDate": "string"
				}
			}
		},
		"schedulerSchedules": {
			"name": "Scheduler - Retrieve Schedule",
			"method": "POST",
			"url": "/v1/scheduling/schedule/multi_read",
			"devLink": {
				"urlText": "Get help on this API ?",
				"url": "https://adp-developer.mykronos.com/wfmgr/reference/retrieve-schedule"
			},
			"queryParametersHelp": "No Query Parameters.",
			"queryParameters": [],
			"bodyParametersHelp": "Symbolic or Start & End Date required. PersonNumber required.",
			"bodyParameters": [
				{
					"name": "Partial Success",
					"type": "boolean",
					"options": [
						true,
						false
					],
					"defaultValue": "true",
					"path": "multiReadOptions.partialSuccess"
				},
				{
					"name": "Ex. Overnight Shifts On Start",
					"type": "boolean",
					"options": [
						false,
						true
					],
					"defaultValue": "false",
					"path": "multiReadOptions.excludeOvernightShiftsOnStartDate"
				},
				{
					"name": "Exclude Breaks",
					"type": "boolean",
					"options": [
						false,
						true
					],
					"defaultValue": "false",
					"path": "where.excludeBreaks"
				},
				{
					"name": "Symbolic Period",
					"description": " ",
					"type": "select",
					"options": [
						{
							"label": "Today",
							"value": "Today"
						},
						{
							"label": "Yesterday",
							"value": "Yesterday"
						},
						{
							"label": "Tomorrow",
							"value": "Tomorrow"
						},
						{
							"label": "Previous Pay Period",
							"value": "Previous_Payperiod"
						},
						{
							"label": "Current Pay Period",
							"value": "Current_Payperiod"
						},
						{
							"label": "Next Pay Period",
							"value": "Next_Payperiod"
						},
						{
							"label": "Previous Schedule Period",
							"value": "Previous_SchedPeriod"
						},
						{
							"label": "Current Schedule Period",
							"value": "Current_SchedPeriod"
						},
						{
							"label": "Next Schedule Period",
							"value": "Next Schedule Period"
						},
						{
							"label": "Next Schedule Period + 1",
							"value": "Next_SchedPeriod_Plus_One"
						},
						{
							"label": "Next Schedule Period + 2",
							"value": "Next_SchedPeriod_Plus_Two"
						},
						{
							"label": "Week to Date",
							"value": "Week_to_Date"
						},
						{
							"label": "Month to Date",
							"value": "Month_to_Date"
						},
						{
							"label": "Last Week",
							"value": "Last_Week"
						},
						{
							"label": "Yesterday, Today, Tomorrow",
							"value": "Yesterday_Today_Tomorrow"
						},
						{
							"label": "Yesterday Plus 6 Days",
							"value": "Yesterday_Plus_Six_Days"
						},
						{
							"label": "Yesterday Minus 13 Days",
							"value": "Yesterday_Minus_Thirteen_Days"
						},
						{
							"label": "Last 7 Days",
							"value": "Last_Seven_Days"
						},
						{
							"label": "Last 30 Days",
							"value": "Last_Thirty_Days"
						},
						{
							"label": "Current Week",
							"value": "Current_Week"
						},
						{
							"label": "Last 4 Weeks",
							"value": "Last_Four_Weeks"
						},
						{
							"label": "Last 3 Months",
							"value": "Last_Three_Months"
						},
						{
							"label": "Last 90 Days",
							"value": "Last_Ninety_Days"
						},
						{
							"label": "Last 4 Quarters",
							"value": "Last_Four_Quarters"
						},
						{
							"label": "Previous Forecast Week",
							"value": "Previous_Forecast_Week"
						},
						{
							"label": "Current Forecast Week",
							"value": "Current_Forecast_Week"
						},
						{
							"label": "Next Forecast Week",
							"value": "Next_Forecast_Week"
						},
						{
							"label": "Next Forecast Week + 1",
							"value": "Next_Forecast_Week_Plus_One"
						},
						{
							"label": "Next Forecast Week + 2",
							"value": "Next_Forecast_Week_Plus_Two"
						},
						{
							"label": "Same Week Last Year",
							"value": "Same_Week_Last_Year"
						},
						{
							"label": "Previous Work Week",
							"value": "Previous_Work_Week"
						},
						{
							"label": "Current Work Week",
							"value": "Current_Work_Week"
						},
						{
							"label": "Next Work Week",
							"value": "Next_Work_Week"
						}
					],
					"defaultValue": "",
					"path": "where.employees.dateRange.symbolicPeriod.qualifier"
				},
				{
					"name": "Start Date",
					"type": "date",
					"defaultValue": "",
					"path": "where.employees.dateRange.startDate",
					"validation": {
						"maxRange": 365,
						"relatedField": "endDate"
					}
				},
				{
					"name": "End Date",
					"type": "date",
					"defaultValue": "",
					"path": "where.employees.dateRange.endDate",
					"validation": {
						"maxRange": 365,
						"relatedField": "startDate"
					}
				},
				{
					"name": "Personnumber(s)",
					"description": "personnumber",
					"type": "multi-text",
					"defaultValue": [
						""
					],
					"path": "where.employees.employees.qualifiers",
					"validation": {
						"minEntered": 1,
						"maxEntered": 10,
						"pattern": "^[a-zA-Z0-9]+$",
						"errorMessage": "Employee IDs must be alphanumeric and unique."
					}
				}
			],
			"requestProfile": {
				"multiReadOptions": {
					"excludeOvernightShiftsOnStartDate": true,
					"partialSuccess": true
				},
				"where": {
					"employees": {
						"dateRange": {
							"endDate": "",
							"startDate": "",
							"symbolicPeriod": {
								"qualifier": ""
							}
						},
						"employees": {
							"qualifiers": [
								""
							]
						}
					},
					"excludeBreaks": false
				}
			}
		},
		"timekeepingPunches": {
			"name": "Timekeeping - Punches",
			"method": "POST",
			"url": "/v1/timekeeping/timecard/multi_read",
			"queryParametersHelp": "Partial Success is optional.",
			"queryParameters": [
				{
					"name": "partial_success",
					"type": "select",
					"description": "true",
					"options": [
						"true",
						"false"
					],
					"defaultValue": "true"
				}
			],
			"bodyParametersHelp": "All parameters are required.",
			"bodyParameters": [
				{
					"name": "includePhantomPunches",
					"type": "boolean",
					"options": [
						false,
						true
					],
					"defaultValue": "false",
					"path": "multiReadOptions.includePhantomPunches"
				},
				{
					"name": "startDate",
					"type": "date",
					"defaultValue": "",
					"path": "where.dateRange.startDate",
					"validation": {
						"maxRange": 365,
						"relatedField": "endDate"
					}
				},
				{
					"name": "endDate",
					"type": "date",
					"defaultValue": "",
					"path": "where.dateRange.endDate",
					"validation": {
						"maxRange": 365,
						"relatedField": "startDate"
					}
				},
				{
					"name": "personnumber",
					"description": "personnumber",
					"type": "multi-text",
					"defaultValue": [
						""
					],
					"path": "where.employees.qualifiers",
					"validation": {
						"minEntered": 1,
						"maxEntered": 10,
						"pattern": "^[a-zA-Z0-9]+$",
						"errorMessage": "Employee IDs must be alphanumeric and unique."
					}
				}
			],
			"requestProfile": {
				"multiReadOptions": {
					"includePhantomPunches": false
				},
				"select": [
					"PUNCHES"
				],
				"where": {
					"dateRange": {
						"endDate": "2025-01-20",
						"startDate": "2025-01-20"
					},
					"employees": {
						"qualifiers": [
							""
						]
					}
				}
			}
		},
		"timekeepingTimecards": {
			"name": "Timekeeping - Timecards",
			"method": "POST",
			"url": "/v1/timekeeping/timecard/multi_read",
			"queryParametersHelp": "Partial Success is optional.",
			"queryParameters": [
				{
					"name": "partial_success",
					"type": "select",
					"description": "true",
					"options": [
						"true",
						"false"
					],
					"defaultValue": "true"
				}
			],
			"bodyParametersHelp": "Dates and personnumber required. All Timecard Items returned when none selected.",
			"bodyParameters": [
				{
					"name": "combineWorkShiftAtMidnight",
					"type": "boolean",
					"options": [
						true,
						false
					],
					"defaultValue": "true",
					"path": "multiReadOptions.combineWorkShiftAtMidnight"
				},
				{
					"name": "includeHiddenPayCodeEdits",
					"type": "boolean",
					"options": [
						false,
						true
					],
					"defaultValue": "false",
					"path": "multiReadOptions.includeHiddenPayCodeEdits"
				},
				{
					"name": "showTotalsWithHiddenPaycodes",
					"type": "boolean",
					"options": [
						false,
						true
					],
					"defaultValue": "false",
					"path": "multiReadOptions.showTotalsWithHiddenPaycodes"
				},
				{
					"name": "totalsIncludeCombinedPaycodes",
					"type": "boolean",
					"options": [
						false,
						true
					],
					"defaultValue": "false",
					"path": "multiReadOptions.totalsIncludeCombinedPaycodes"
				},
				{
					"name": "Timecard Items",
					"type": "multi-select",
					"options": [
						"WORKED_SHIFTS",
						"PAYCODE_EDITS",
						"HOURS_WORKED",
						"HOLIDAY_CREDITS",
						"MOVE_AMOUNTS",
						"HISTORICAL_CORRECTIONS",
						"PROJECTS",
						"TOTALS",
						"SCHEDULE_SHIFT",
						"SCHEDULED_TOTALS",
						"ACTIVITY_SHIFTS",
						"ACTIVITY_TOTALS"
					],
					"defaultValue": [
						"WORKED_SHIFTS"
					],
					"path": "select",
					"validation": {
						"minSelected": 1,
						"maxSelected": 9
					}
				},
				{
					"name": "totalsRollupBy",
					"type": "select",
					"options": [
						"ACTIVITY_EVENT",
						"ALL",
						"DAILY",
						"PERIOD_TO_DATE",
						"RAW",
						"SHIFT",
						"TIMEITEM"
					],
					"defaultValue": "RAW",
					"path": "multiReadOptions.totalsRollupBy"
				},
				{
					"name": "startDate",
					"type": "date",
					"defaultValue": "today",
					"path": "where.dateRange.startDate",
					"validation": {
						"maxRange": 365,
						"relatedField": "endDate"
					}
				},
				{
					"name": "endDate",
					"type": "date",
					"defaultValue": "today",
					"path": "where.dateRange.endDate",
					"validation": {
						"maxRange": 365,
						"relatedField": "startDate"
					}
				},
				{
					"name": "personnumber",
					"description": "personnumber",
					"type": "multi-text",
					"defaultValue": [
						""
					],
					"path": "where.employees.qualifiers",
					"validation": {
						"minEntered": 1,
						"maxEntered": 10,
						"pattern": "^[a-zA-Z0-9]+$",
						"errorMessage": "Employee IDs must be alphanumeric and unique."
					}
				}
			],
			"requestProfile": {
				"multiReadOptions": {
					"combineWorkShiftAtMidnight": true,
					"includeHiddenPayCodeEdits": false,
					"showTotalsWithHiddenPaycodes": false,
					"totalsIncludeCombinedPaycodes": false,
					"totalsRollupBy": ""
				},
				"select": [
					""
				],
				"where": {
					"dateRange": {
						"endDate": "2025-01-20",
						"startDate": "2025-01-20"
					},
					"employees": {
						"qualifiers": [
							""
						]
					}
				}
			}
		},
		"timekeepingTimecardChanges": {
			"name": "Timekeeping - Timecard Changes",
			"method": "GET",
			"url": "/v1/timekeeping/timecard/changes",
			"devLink": {
				"urlText": "Get help on this API ?",
				"url": "https://adp-developer.mykronos.com/wfmgr/reference/execute-hyperfind-query"
			},
			"queryParametersHelp": "Symbolic or Start & End Date required. Employee ID or PersonNumber required. Status required.",
			"queryParameters": [
				{
					"name": "symbolic_period_id",
					"description": " ",
					"type": "select",
					"options": [
						{
							"label": "Today",
							"value": 13
						},
						{
							"label": "Yesterday",
							"value": 8
						},
						{
							"label": "Tomorrow",
							"value": 2001
						},
						{
							"label": "Previous Pay Period",
							"value": 0
						},
						{
							"label": "Current Pay Period",
							"value": 1
						},
						{
							"label": "Next Pay Period",
							"value": 2
						},
						{
							"label": "Previous Schedule Period",
							"value": 3
						},
						{
							"label": "Current Schedule Period",
							"value": 4
						},
						{
							"label": "Next Schedule Period",
							"value": 5
						},
						{
							"label": "Next Schedule Period + 1",
							"value": 2002
						},
						{
							"label": "Next Schedule Period + 2",
							"value": 2003
						},
						{
							"label": "Week to Date",
							"value": 6
						},
						{
							"label": "Month to Date",
							"value": 30
						},
						{
							"label": "Last Week",
							"value": 7
						},
						{
							"label": "Yesterday, Today, Tomorrow",
							"value": 901
						},
						{
							"label": "Yesterday Plus 6 Days",
							"value": 902
						},
						{
							"label": "Yesterday Minus 13 Days",
							"value": 907
						},
						{
							"label": "Last 7 Days",
							"value": 906
						},
						{
							"label": "Last 30 Days",
							"value": 903
						},
						{
							"label": "Current Week",
							"value": 904
						},
						{
							"label": "Last 4 Weeks",
							"value": 910
						},
						{
							"label": "Last 3 Months",
							"value": 908
						},
						{
							"label": "Last 90 Days",
							"value": 905
						},
						{
							"label": "Last 4 Quarters",
							"value": 909
						},
						{
							"label": "Previous Forecast Week",
							"value": 33
						},
						{
							"label": "Current Forecast Week",
							"value": 34
						},
						{
							"label": "Next Forecast Week",
							"value": 35
						},
						{
							"label": "Next Forecast Week + 1",
							"value": 37
						},
						{
							"label": "Next Forecast Week + 2",
							"value": 38
						},
						{
							"label": "Same Week Last Year",
							"value": 36
						},
						{
							"label": "Previous Work Week",
							"value": 14
						},
						{
							"label": "Current Work Week",
							"value": 14
						},
						{
							"label": "Next Work Week",
							"value": 14
						}
					],
					"defaultValue": "",
					"path": "dateRange.symbolicPeriod.qualifier"
				},
				{
					"name": "start_date",
					"type": "date",
					"defaultValue": "",
					"validation": {
						"maxRange": 365,
						"relatedField": "endDate"
					}
				},
				{
					"name": "end_date",
					"type": "date",
					"defaultValue": "",
					"validation": {
						"maxRange": 365,
						"relatedField": "startDate"
					}
				},
				{
					"name": "employee_id",
					"type": "integer",
					"description": "true",
					"defaultValue": ""
				},
				{
					"name": "person_number",
					"description": "",
					"type": "text",
					"defaultValue": ""
				},
				{
					"name": "status",
					"type": "select",
					"options": [
						"SUBMITTED",
						"APPROVED",
						"REFUSED"
					],
					"defaultValue": ""
				}
			]
		}
	}
}