{
	"name": "API AccessPanel",
	"details": {
		"description": "A browser extension for API access and token management in WFM",
		"version": "2.0.0",
		"release_date": "2025-11-14",
		"author": "Christopher Smith",
		"contact": "chris.dm.smith@gmail.com",
		"urls": {
			"authenticationDoc": "https://adp-developer.mykronos.com/wfmgr/docs/authentication-and-security-doc",
			"developerPortal": "https://adp-developer.mykronos.com/wfmgr/reference/welcome-to-the-adp-workforce-manager-api",
			"boomiPortal": "https://*.mykronos.com/ihub#/integrationTemplatesDesigner?ctxt=designIntegrationTemplates&pageId=58",
			"installIntegrations": "https://*.mykronos.com/metaui#/list/integration/?ctxt=configureIntegrations&pageId=57"
		},
		"working_directory": {
			"apiaccesspanel": {
				"type": "directory",
				"path": "/apiaccesspanel",
				"contents": {
					"apilibrary": {
						"type": "directory",
						"path": "/apiaccesspanel/apilibrary",
						"contents": {
							"apilibrary.json": {
								"type": "file",
								"path": "/apiaccesspanel/apilibrary/apilibrary.json"
							},
							"exampleapilibrary.json": {
								"type": "file",
								"path": "/apiaccesspanel/apilibrary/exampleapilibrary.json"
							}
						}
					},
					"fonts": {
						"type": "directory",
						"path": "/apiaccesspanel/fonts",
						"contents": {
							"Inter_28pt-Black.ttf": {
								"type": "file",
								"path": "/apiaccesspanel/apilibrary/Inter_28pt-Black.ttf"
							}
						}
					},
					"icons": {
						"type": "directory",
						"path": "/apiaccesspanel/icons",
						"contents": {
							"apiaccesspanel.png": {
								"type": "file",
								"path": "/apiaccesspanel/icons/apiaccesspanel.png"
							},
							"apiaccesspanellogo.png": {
								"type": "file",
								"path": "/apiaccesspanel/icons/apiaccesspanellogo.png"
							},
							"apiaccesspanellogo.svg": {
								"type": "file",
								"path": "/apiaccesspanel/icons/apiaccesspanellogo.svg"
							},
							"export-csv.png": {
								"type": "file",
								"path": "/apiaccesspanel/icons/export-csv.png"
							},
							"external-link.png": {
								"type": "file",
								"path": "/apiaccesspanel/icons/external-link.png"
							},
							"eyeclosed.png": {
								"type": "file",
								"path": "/apiaccesspanel/icons/eyeclosed.png"
							},
							"eyeopen.png": {
								"type": "file",
								"path": "/apiaccesspanel/icons/eyeopen.png"
							},
							"icon16.png": {
								"type": "file",
								"path": "/apiaccesspanel/icons/icon16.png"
							},
							"icon32.png": {
								"type": "file",
								"path": "/apiaccesspanel/icons/icon32.png"
							},
							"icon64.png": {
								"type": "file",
								"path": "/apiaccesspanel/icons/icon64.png"
							},
							"icon128.png": {
								"type": "file",
								"path": "/apiaccesspanel/icons/icon128.png"
							},
							"icon256.png": {
								"type": "file",
								"path": "/apiaccesspanel/icons/icon256.png"
							},
							"icon512.png": {
								"type": "file",
								"path": "/apiaccesspanel/icons/icon512.png"
							},
							"icon-styleready.svg": {
								"type": "file",
								"path": "/apiaccesspanel/icons/icon-styleready.svg"
							},
							"icon-styleready-bkup": {
								"type": "file",
								"path": "/apiaccesspanel/icons/icon-styleready-bkup"
							}
						}
					},
					"scripts": {
						"type": "directory",
						"path": "/apiaccesspanel/scripts",
						"contents": {
							"main.js": {
								"type": "file",
								"path": "/apiaccesspanel/scripts/main.js"
							},
							"bg.js": {
								"type": "file",
								"path": "/apiaccesspanel/scripts/bg.js"
							}
						}
					},
					"styles": {
						"type": "directory",
						"path": "/apiaccesspanel/styles",
						"contents": {
							"uistyles.css": {
								"type": "file",
								"path": "/apiaccesspanel/styles/uistyles.css"
							}
						}
					},
					"themes": {
						"type": "directory",
						"path": "/apiaccesspanel/themes",
						"contents": {
							"themes.html": {
								"type": "file",
								"path": "/apiaccesspanel/themes/themes.html"
							},
							"themes.json": {
								"type": "file",
								"path": "/apiaccesspanel/themes/themes.json"
							}
						}
					},
					"apiaccesspanel.html": {
						"type": "file",
						"path": "/apiaccesspanel/apiaccesspanel.html"
					},
					"apiaccesspanel.json": {
						"type": "file",
						"path": "/apiaccesspanel/apiaccesspanel.json"
					},
					"manifest.json": {
						"type": "file",
						"path": "/apiaccesspanel/manifest.json"
					}
				}
			}
		},
		"releasenotes": {
			"0.1.0": {
				"0": "Initial UI and functionality for client ID & Access Token",
				"1": "Local storage functionality designed",
				"2": "ADP WFMgr valid session logic implemented"
			},
			"0.2.0": {
				"0": "Admin > Clear All Data, Clear Client Data, Export CSV, Export JSON & Import functionality implemented"
			},
			"0.3.0": {
				"0": "Created functionality to retrieve access and refresh tokens to local storage"
			},
			"0.4.0": {
				"0": "UI adjustments for token length display",
				"1": "Updated UI to include refresh token information",
				"2": "UPdated UI and functionality for Copy Token functions"
			},
			"0.5.0": {
				"0": "Help > About & Support functionality implemented"
			},
			"0.6.0": {
				"0": "UI adjustments for dynamic themes via CSS variables",
				"1": "Initial themes and theme functionality implemented",
				"2": "Float and Dock buttons and functionality implemented",
				"3": "Added Links menu functionality"
			},
			"0.7.0": {
				"0": "Added collapsible refresh token section to UI",
				"1": "Token timers overhaul to handle refreshing the correct time in all scenarios"
			},
			"0.8.0": {
				"0": "Entire main.js refactor to order items for clarity and remove redundancies",
				"1": "Added API Library collapsible section along with initial API Library"
			},
			"0.9.0": {
				"0": "Deployed for beta use"
			},
			"0.9.1": {
				"0": "Corrected client URL generation for NO-SSO"
			},
			"0.9.2": {
				"0": "Added AdHoc GET and POST request functionality",
				"1": "Added View Request button that will show information on most recent session API request",
				"2": "Updated 'Copy' buttons to change button text to 'Copied!' instead of  popping up an alert",
				"3": "Updated Send Request button to change button text to 'Success!' when successful, instead of popping up an alert",
				"4": "Updated Save Client ID button to change button text to 'Client ID Saved!' when successful, instead of popping up an alert",
				"5": "Updated Save Client Secret button to change button text to 'Client Secret Saved!' when successful, instead of popping up an alert",
				"6": "Added View Client Data to the Admin menu",
				"7": "Added Popout Response button to API Response section",
				"8": "Changed console.error to console.log for validation items"
			},
			"1.0.0": {
				"0": "Added functionality for use in incognito mode",
				"1": "Deployed as initial public release"
			},
			"1.0.1": {
				"0": "Fixed bug that prevented links from opening when not in incognito due to functionality added in 1.0.0"
			},
			"1.0.2": {
				"0": "Updated executeAPI with new helper function to wait for access token to be retrieved if iniating an API call without a current valid token",
				"1": "Updated Copy API Response function to not include the Popout Response body text"
			},
			"1.0.3": {
				"0": "Updated Execute API to show waiting with a visual indicator while waiting for the API to send its response",
				"1": "Fixed query parameters not appending to API URL",
				"2": "Updated existing API Library names from 'Config' to 'Setup'",
				"3": "Added 'Integrations - Installed Integrations' to the API Library",
				"4": "Added 'Integrations - Run Results' to the API Library",
				"5": "Added 'Integrations - Scheduled Integrations' to the API Library",
				"6": "Added 'Reporting - Get Report Data Objects' to the API Library",
				"7": "Added 'Setup - Business Structure Cost Centers' to the API Library",
				"8": "Added 'Setup - Timekeeping Adjustment Rules' to the API Library",
				"9": "Added 'Setup - Timekeeping Bonus/Deductions' to the API Library",
				"10": "Added 'Setup - Timekeeping Break Rules' to the API Library",
				"11": "Added 'Setup - Timekeeping Combination Rules' to the API Library",
				"12": "Added 'Setup - Timekeeping Fixed Rules' to the API Library",
				"13": "Added 'Setup - Timekeeping Overtime Rules' to the API Library",
				"14": "Added 'Setup - Timekeeping Pay Code Diestributions' to the API Library",
				"15": "Fixed bug in Developer Portal link introduced but Incognito mode support"
			},
			"1.1.0": {
				"0": "Enhanced API Library to allow API that are dependant on the response of another API call",
				"1": "Enabled multi-text body parameter limit functionality to assist with staying within service limits",
				"2": "Enhanced API Library and response section to support limited export to CSV functionality",
				"3": "Added 'Setup - Timekeeping Combined Pay Codes' to the API library",
				"5": "Added 'Setup - Business Structure Labor Category Entries' to the API library",
				"6": "Added 'Setup - Activitiy Profiles' to the API library",
				"7": "Added 'Setup - Attendance Profiles' to the API library",
				"8": "Added 'Persons - Pay Period Time Spans' to the API library",
				"9": "Added 'Setup - Leave Profiles' to the API library",
				"10": "Added 'Scheduling - Schedules' to the API library",
				"11": "Updated 'Persons - Persons Extensions' from pulling all Extensiosn to allow specific or all by default"
			},
			"1.1.1": {
				"0": "Updated API Access field labels"
			}
		}
	}
}